"work_year","experience_level","employment_type","job_title","salary","salary_currency","salary_in_usd","employee_residence","remote_ratio","company_location","company_size","predicted_salary"
2023,"MI","CT","ML Engineer",30000,"USD",30000,"US",100,"US","S",81676.0867310527
2023,"SE","FT","Data Analyst",100000,"USD",100000,"US",100,"US","M",126707.745893995
2023,"SE","FT","Data Strategist",90000,"USD",90000,"CA",0,"CA","M",81000.0000000004
2023,"SE","FT","Data Strategist",72000,"USD",72000,"CA",0,"CA","M",81000.0000000004
2023,"SE","FT","Data Engineer",253200,"USD",253200,"US",0,"US","M",151844.029846682
2023,"MI","FT","Data Analyst",105380,"USD",105380,"US",0,"US","M",87185.3154477785
2023,"SE","FT","Data Scientist",183500,"USD",183500,"US",100,"US","M",153153.875343298
2023,"SE","FT","Research Engineer",189110,"USD",189110,"US",0,"US","M",185628.542765693
2023,"SE","FT","Research Engineer",139000,"USD",139000,"US",0,"US","M",185628.542765693
2023,"SE","FT","Data Scientist",110500,"USD",110500,"US",100,"US","M",153153.875343298
2023,"SE","FT","Data Engineer",176000,"USD",176000,"US",0,"US","M",151844.029846682
2023,"SE","FT","Applied Scientist",309400,"USD",135000,"US",0,"US","L",178653.936396464
2023,"SE","FT","Data Engineer",115000,"USD",115000,"US",0,"US","M",151844.029846682
2023,"SE","FT","Data Scientist",237000,"USD",237000,"US",100,"US","M",153153.875343298
2023,"SE","FT","Data Engineer",139000,"USD",139000,"US",100,"US","M",151844.029846682
2023,"MI","FT","Applied Machine Learning Engineer",65000,"EUR",69751,"IN",100,"DE","S",78374.3073361606
2023,"MI","FT","Machine Learning Engineer",90000,"EUR",96578,"NL",100,"NL","L",112616.669943503
2023,"SE","FT","Data Engineer",175000,"USD",175000,"US",100,"US","M",151844.029846682
2023,"SE","FT","Data Engineer",185000,"USD",185000,"US",0,"US","M",151844.029846682
2023,"SE","FT","Data Scientist",105000,"USD",105000,"US",0,"US","M",153153.875343298
2023,"EN","FT","Machine Learning Engineer",163196,"USD",163196,"US",0,"US","M",112868.655326439
2023,"EN","FT","Machine Learning Engineer",145885,"USD",145885,"US",0,"US","M",112868.655326439
2023,"SE","FT","Data Analyst",202800,"USD",202800,"US",0,"US","L",111015.27501286
2023,"SE","FT","Data Engineer",165000,"USD",165000,"US",0,"US","M",151844.029846682
2023,"SE","FT","Analytics Engineer",152500,"USD",152500,"US",0,"US","M",156770.636086662
2023,"SE","FT","Data Engineer",247300,"USD",247300,"US",0,"US","M",151844.029846682
2023,"SE","FT","Data Engineer",133800,"USD",133800,"US",0,"US","M",151844.029846682
2023,"EN","FT","Research Scientist",220000,"USD",220000,"US",50,"US","L",101124.520580064
2023,"SE","FT","Analytics Engineer",289800,"USD",289800,"US",0,"US","M",156770.636086662
2023,"SE","FT","Analytics Engineer",289800,"USD",289800,"US",0,"US","M",156770.636086662
2023,"EN","FT","Data Engineer",65000,"USD",65000,"US",0,"US","M",96881.1139022653
2023,"SE","FT","Data Analyst",138900,"USD",138900,"US",0,"US","M",126707.745893995
2023,"SE","FT","Machine Learning Engineer",212200,"USD",212200,"US",100,"US","M",167831.571270856
2023,"SE","FT","Data Scientist",160000,"USD",160000,"US",0,"US","M",153153.875343298
2023,"MI","FT","Business Data Analyst",105000,"USD",105000,"US",50,"US","L",66987.4317487465
2023,"MI","FT","Applied Data Scientist",1700000,"INR",20670,"IN",100,"IN","L",80024.9666959116
2023,"SE","FT","Machine Learning Engineer",190000,"USD",190000,"US",0,"US","M",167831.571270856
2023,"SE","FT","Analytics Engineer",120000,"USD",120000,"US",100,"US","M",156770.636086662
2023,"SE","FT","Applied Scientist",136000,"USD",136000,"US",0,"US","L",178653.936396464
2023,"SE","FT","Data Engineer",190000,"USD",190000,"US",100,"US","M",151844.029846682
2023,"MI","FT","Data Scientist",45000,"GBP",54685,"GB",0,"GB","M",113631.444897081
2023,"MI","FT","Machine Learning Engineer",300000,"USD",135000,"US",0,"US","M",128309.140824639
2023,"MI","FT","Machine Learning Engineer",250000,"USD",250000,"US",0,"US","M",128309.140824639
2023,"SE","FT","Data Scientist",186000,"USD",186000,"US",0,"US","M",153153.875343298
2023,"SE","FT","Data Scientist",190000,"USD",190000,"US",0,"US","M",153153.875343298
2023,"SE","FT","Data Architect",115000,"USD",115000,"US",100,"US","M",160579.550764664
2023,"SE","FT","Data Architect",200000,"USD",200000,"US",100,"US","M",160579.550764664
2023,"SE","FT","Data Architect",115000,"USD",115000,"US",100,"US","M",160579.550764664
2023,"MI","FT","Data Engineer",180000,"USD",180000,"US",0,"US","M",112321.599400465
2023,"SE","FT","Data Scientist",224000,"USD",224000,"CA",0,"CA","M",153153.875343298
2023,"SE","FT","Data Scientist",176000,"USD",176000,"CA",0,"CA","M",153153.875343298
2023,"SE","FT","Data Analyst",75000,"USD",75000,"US",100,"US","M",126707.745893995
2023,"SE","FT","Data Engineer",115000,"USD",115000,"US",0,"US","M",151844.029846682
2023,"SE","FT","Data Engineer",140000,"USD",140000,"US",0,"US","M",151844.029846682
2023,"EX","FT","Head of Data",269600,"USD",269600,"US",0,"US","M",188813.106341861
2023,"SE","FT","Data Quality Analyst",80000,"USD",80000,"US",0,"US","M",95405.0552608
2023,"MI","FT","AI Developer",200000,"USD",200000,"US",100,"US","M",133890.429035989
2023,"SE","FT","Data Science Manager",191765,"USD",191765,"US",0,"US","M",177483.128400533
2023,"SE","FT","Research Engineer",185000,"USD",185000,"US",0,"US","M",185628.542765693
2023,"SE","FT","Data Engineer",220000,"USD",220000,"US",100,"US","M",151844.029846682
2023,"SE","FT","Data Analyst",200000,"USD",200000,"US",0,"US","M",126707.745893995
2023,"SE","FT","Analytics Engineer",173000,"USD",173000,"US",100,"US","M",156770.636086662
2023,"SE","FT","Applied Scientist",136000,"USD",136000,"US",0,"US","L",178653.936396464
2023,"SE","FT","Data Analyst",149500,"USD",149500,"US",100,"US","M",126707.745893995
2023,"EX","FT","Analytics Engineer",221000,"USD",221000,"US",100,"US","M",181460.977116699
2023,"SE","FT","Data Analyst",128000,"USD",128000,"US",0,"US","M",126707.745893995
2023,"SE","FT","Research Scientist",136000,"USD",136000,"US",0,"US","M",171779.907405616
2023,"SE","FT","Data Engineer",109000,"USD",109000,"US",0,"US","M",151844.029846682
2023,"SE","FT","Data Scientist",210000,"USD",210000,"US",0,"US","M",153153.875343298
2023,"SE","FT","Data Manager",86000,"USD",86000,"US",100,"US","M",128270.673945421
2023,"SE","FT","Data Analyst",106000,"USD",106000,"US",0,"US","M",126707.745893995
2023,"SE","FL","Machine Learning Researcher",50000,"USD",50000,"UA",50,"UA","S",61258.8597310208
2023,"MI","FT","Machine Learning Engineer",280700,"USD",280700,"US",100,"US","M",128309.140824639
2023,"EN","FT","Data Scientist",70000,"CAD",51753,"CA",100,"CA","L",82498.4885177455
2023,"EN","FT","Data Engineer",85000,"USD",85000,"US",0,"US","M",96881.1139022653
2023,"EN","FT","Data Engineer",65000,"USD",65000,"US",0,"US","M",96881.1139022653
2023,"SE","FT","Machine Learning Engineer",147000,"USD",147000,"US",0,"US","M",167831.571270856
2023,"EN","FT","Applied Scientist",130760,"USD",130760,"US",0,"US","L",123691.020452047
2023,"SE","FT","Machine Learning Engineer",304000,"USD",135000,"US",100,"US","M",167831.571270856
2023,"SE","FT","Machine Learning Engineer",199000,"USD",199000,"US",100,"US","M",167831.571270856
2023,"MI","FT","Big Data Engineer",45000,"EUR",48289,"ES",100,"ES","M",80942.1536510661
2023,"SE","FT","Data Engineer",130000,"USD",130000,"US",0,"US","M",151844.029846682
2023,"SE","FT","Data Scientist",140000,"USD",140000,"US",100,"US","M",153153.875343298
2023,"MI","FT","Research Scientist",84570,"GBP",102772,"GB",0,"GB","M",132257.476959399
2023,"SE","FT","Data Engineer",183600,"USD",183600,"US",0,"US","M",151844.029846682
2023,"SE","FT","Data Analytics Manager",160000,"USD",160000,"US",100,"US","M",156146.189734229
2023,"SE","FT","Data Engineer",145000,"USD",145000,"US",0,"US","M",151844.029846682
2023,"SE","FT","Data Engineer",160000,"USD",160000,"US",0,"US","M",151844.029846682
2023,"SE","FT","Data Scientist",157750,"USD",157750,"US",100,"US","M",153153.875343298
2023,"EN","FT","Data Engineer",85000,"USD",85000,"US",0,"US","M",96881.1139022653
2023,"SE","FT","Data Analyst",135000,"USD",135000,"US",0,"US","M",126707.745893995
2023,"SE","FT","Data Scientist",134236,"USD",134236,"US",0,"US","M",153153.875343298
2023,"EN","FT","Research Engineer",125000,"USD",125000,"US",0,"US","M",130665.626821277
2023,"SE","FT","Data Engineer",75000,"USD",75000,"US",0,"US","M",151844.029846682
2023,"SE","FT","Machine Learning Engineer",100000,"USD",100000,"US",0,"US","M",167831.571270856
2023,"SE","FT","Data Scientist",200000,"USD",200000,"US",100,"US","M",153153.875343298
2023,"SE","FT","Applied Scientist",136000,"USD",136000,"US",0,"US","L",178653.936396464
2023,"SE","FT","Machine Learning Engineer",115000,"USD",115000,"CA",100,"CA","M",167831.571270856
2023,"SE","FT","Data Engineer",129000,"USD",129000,"US",0,"US","M",151844.029846682
2023,"MI","FT","Data Architect",167500,"USD",167500,"US",0,"US","M",121057.120318447
2023,"SE","FT","Data Analyst",80000,"USD",80000,"US",100,"US","M",126707.745893995
2023,"SE","FT","Data Engineer",178600,"USD",178600,"US",0,"US","M",151844.029846682
2023,"EX","FT","Director of Data Science",353200,"USD",135000,"US",0,"US","M",177234.203064057
2023,"MI","FT","Machine Learning Scientist",230000,"USD",230000,"US",0,"US","M",158785.091598903
2023,"SE","FT","Data Scientist",200000,"USD",200000,"US",100,"US","M",153153.875343298
2023,"SE","FT","Data Scientist",317070,"USD",135000,"US",0,"US","M",153153.875343298
2023,"SE","FT","Data Scientist",170730,"USD",170730,"US",0,"US","M",153153.875343298
2023,"SE","FT","Data Engineer",128000,"USD",128000,"US",0,"US","M",151844.029846682
2023,"MI","FT","MLOps Engineer",124000,"USD",124000,"US",100,"US","M",129000
2023,"SE","FT","Data Engineer",171250,"USD",171250,"US",0,"US","M",151844.029846682
2023,"EN","FT","Research Engineer",160000,"USD",160000,"US",0,"US","M",130665.626821277
2023,"SE","FT","Data Analyst",120250,"USD",120250,"US",100,"US","M",126707.745893995
2023,"SE","FT","Research Scientist",250000,"USD",250000,"US",0,"US","M",171779.907405616
2023,"SE","FT","Research Scientist",200000,"USD",200000,"US",0,"US","M",171779.907405616
2023,"SE","FT","AI Scientist",1500000,"ILS",135000,"IL",0,"IL","L",134288.361879311
2023,"SE","FT","Machine Learning Engineer",184000,"USD",184000,"US",100,"US","M",167831.571270856
2023,"SE","FT","Data Scientist",185900,"USD",185900,"US",0,"US","M",153153.875343298
2023,"MI","FT","Machine Learning Engineer",130000,"USD",130000,"US",0,"US","M",128309.140824639
2023,"MI","FT","Machine Learning Engineer",90000,"USD",90000,"US",0,"US","M",128309.140824639
2023,"SE","FT","Data Engineer",145000,"USD",145000,"CA",100,"CA","M",151844.029846682
2023,"MI","FT","Data Analyst",143000,"USD",143000,"US",0,"US","M",87185.3154477785
2023,"MI","FT","Data Scientist",42000,"GBP",51039,"GB",0,"GB","M",113631.444897081
2023,"SE","FT","Data Engineer",160000,"USD",160000,"US",100,"US","M",151844.029846682
2023,"SE","FT","Data Engineer",252000,"USD",252000,"US",0,"US","M",151844.029846682
2023,"SE","FT","Data Analyst",165000,"USD",165000,"US",100,"US","M",126707.745893995
2023,"SE","FT","Data Scientist",237000,"USD",237000,"US",100,"US","M",153153.875343298
2023,"SE","FT","Data Scientist",145000,"USD",145000,"US",100,"US","M",153153.875343298
2023,"SE","FT","Data Engineer",109400,"USD",109400,"US",0,"US","M",151844.029846682
2023,"SE","FT","Data Engineer",105700,"USD",105700,"US",0,"US","L",136151.558965546
2023,"SE","FT","Data Engineer",132300,"USD",132300,"US",0,"US","M",151844.029846682
2023,"EN","FT","Data Analyst",95000,"USD",95000,"US",100,"US","M",71744.8299495786
2023,"SE","FT","Research Engineer",200000,"USD",200000,"US",0,"US","M",185628.542765693
2023,"SE","FT","Analytics Engineer",87000,"USD",87000,"US",0,"US","M",156770.636086662
2023,"MI","FT","Data Analyst",160000,"USD",160000,"US",0,"US","M",87185.3154477785
2023,"MI","FT","Data Engineer",162500,"USD",162500,"US",0,"US","M",112321.599400465
2023,"MI","FT","Data Scientist",100000,"USD",100000,"US",0,"US","M",113631.444897081
2023,"SE","FT","Data Engineer",90700,"USD",90700,"US",0,"US","M",151844.029846682
2023,"EN","FT","Data Engineer",73900,"USD",73900,"US",0,"US","M",96881.1139022653
2023,"MI","FT","Data Scientist",145000,"USD",145000,"US",0,"US","M",113631.444897081
2023,"SE","FT","Applied Scientist",136000,"USD",136000,"US",0,"US","L",178653.936396464
2023,"EX","FT","Data Scientist",145000,"USD",145000,"US",0,"US","M",177844.216373335
2023,"MI","FT","Data Engineer",140000,"USD",140000,"US",0,"US","M",112321.599400465
2023,"MI","FT","Data Engineer",95000,"USD",95000,"US",0,"US","M",112321.599400465
2023,"SE","FT","Data Analyst",185000,"USD",185000,"US",100,"US","M",126707.745893995
2023,"SE","FT","Data Analyst",120250,"USD",120250,"US",100,"US","M",126707.745893995
2023,"SE","FT","Data Scientist",205000,"USD",205000,"US",0,"US","M",153153.875343298
2023,"MI","FT","ML Engineer",147000,"USD",147000,"US",0,"US","M",148158.349271532
2023,"SE","FT","Data Architect",113900,"USD",113900,"US",100,"US","M",160579.550764664
2023,"SE","FT","Data Analyst",180180,"USD",180180,"US",0,"US","M",126707.745893995
2023,"EN","FT","AI Programmer",70000,"USD",70000,"IN",0,"AU","L",47153.7645594234
2023,"EN","FT","Research Scientist",100000,"USD",100000,"US",0,"US","M",116816.991461199
2023,"SE","FT","Data Engineer",146000,"USD",146000,"US",0,"US","M",151844.029846682
2023,"SE","FT","Data Engineer",75000,"USD",75000,"US",0,"US","M",151844.029846682
2023,"SE","FT","Data Engineer",129000,"USD",129000,"US",0,"US","M",151844.029846682
2023,"SE","FT","Data Engineer",126000,"USD",126000,"US",0,"US","M",151844.029846682
2023,"SE","FT","ML Engineer",260000,"USD",260000,"CA",100,"CA","M",187680.779717749
2023,"MI","FT","Data Scientist",128750,"USD",128750,"US",0,"US","M",113631.444897081
2023,"SE","FT","Data Engineer",252000,"USD",252000,"US",0,"US","M",151844.029846682
2023,"MI","FT","Data Analyst",100000,"USD",100000,"CA",100,"CA","M",87185.3154477785
2023,"SE","FT","Data Engineer",120000,"USD",120000,"US",0,"US","M",151844.029846682
2023,"SE","FT","BI Analyst",160000,"USD",160000,"US",0,"US","M",137471.1327318
2023,"SE","FT","Data Analyst",127000,"USD",127000,"US",100,"US","M",126707.745893995
2023,"SE","FT","Data Scientist",153300,"USD",153300,"US",0,"US","M",153153.875343298
2023,"EN","FT","AI Developer",200000,"EUR",214618,"DE",100,"DE","L",102757.472656653
2023,"MI","FT","Data Engineer",60000,"USD",60000,"MX",100,"MX","M",112321.599400465
2023,"SE","FT","Machine Learning Engineer",153400,"USD",153400,"US",0,"US","M",167831.571270856
2023,"MI","FT","Research Scientist",340000,"USD",135000,"US",100,"US","M",132257.476959399
2023,"SE","FT","Machine Learning Engineer",122700,"USD",122700,"US",0,"US","M",167831.571270856
2023,"EN","FT","Data Analyst",100000,"USD",100000,"UZ",100,"US","L",56052.3590684431
2023,"SE","FT","Machine Learning Engineer",247500,"USD",247500,"US",0,"US","M",167831.571270856
2023,"EX","FT","Data Engineer",310000,"USD",135000,"US",100,"US","M",176534.370876719
2023,"EN","FT","Data Analyst",100000,"USD",100000,"US",0,"US","M",71744.8299495786
2023,"MI","FT","Data Engineer",149600,"USD",149600,"US",0,"US","M",112321.599400465
2023,"SE","FT","Data Analyst",95000,"USD",95000,"US",0,"US","M",126707.745893995
2023,"EN","FT","Research Scientist",100000,"USD",100000,"US",0,"US","M",116816.991461199
2023,"MI","FT","Data Scientist",150000,"USD",150000,"US",100,"US","M",113631.444897081
2023,"SE","FT","Data Scientist",185900,"USD",185900,"US",0,"US","M",153153.875343298
2023,"SE","FT","Data Scientist",129300,"USD",129300,"US",0,"US","M",153153.875343298
2023,"SE","FT","Data Scientist",201000,"USD",201000,"US",0,"US","M",153153.875343298
2023,"SE","FT","Data Manager",155000,"USD",155000,"US",0,"US","M",128270.673945421
2023,"MI","FT","Machine Learning Infrastructure Engineer",205920,"USD",205920,"US",0,"US","M",119287.768887055
2023,"SE","FT","Data Engineer",78000,"USD",78000,"US",100,"US","M",151844.029846682
2023,"SE","FT","Data Engineer",154000,"USD",154000,"US",0,"US","M",151844.029846682
2023,"SE","FT","Data Engineer",130000,"USD",130000,"US",100,"US","M",151844.029846682
2023,"MI","FT","Data Engineer",200000,"USD",200000,"US",0,"US","M",112321.599400465
2023,"MI","FT","Data Engineer",105000,"GBP",127599,"GB",0,"GB","M",112321.599400465
2023,"MI","FT","Data Engineer",85000,"GBP",103294,"GB",0,"GB","M",112321.599400465
2023,"EN","FT","Data Analyst",85000,"USD",85000,"US",100,"US","M",71744.8299495786
2023,"EN","FT","Data Analyst",75000,"USD",75000,"US",100,"US","M",71744.8299495786
2023,"SE","FT","Data Scientist",156400,"USD",156400,"US",0,"US","M",153153.875343298
2023,"SE","FT","Analytics Engineer",150000,"USD",150000,"US",0,"US","M",156770.636086662
2023,"SE","FT","Data Engineer",126000,"USD",126000,"US",0,"US","M",151844.029846682
2023,"MI","FT","Data Analytics Manager",155000,"USD",155000,"US",0,"US","M",116623.759288013
2023,"MI","FT","Data Analytics Manager",140000,"USD",140000,"US",0,"US","M",116623.759288013
2023,"SE","FT","Data Engineer",160000,"USD",160000,"US",100,"US","M",151844.029846682
2023,"SE","FT","Research Scientist",150000,"USD",150000,"US",0,"US","M",171779.907405616
2022,"EX","FT","Data Science Manager",106000,"USD",106000,"UZ",0,"RU","L",186480.998549434
2023,"SE","FT","Data Analyst",175000,"USD",175000,"US",100,"US","M",126707.745893995
2023,"SE","FT","Data Analyst",112000,"USD",112000,"US",100,"US","M",126707.745893995
2023,"SE","FT","Data Analyst",1300000,"INR",15806,"IN",100,"IN","S",83705.3605662978
2023,"MI","FT","Machine Learning Engineer",200000,"USD",200000,"US",0,"US","M",128309.140824639
2023,"SE","FT","Data Engineer",185900,"USD",185900,"US",0,"US","M",151844.029846682
2023,"SE","FT","Data Analyst",106020,"USD",106020,"US",0,"US","M",126707.745893995
2023,"SE","FT","Data Analyst",125000,"USD",125000,"US",0,"US","M",126707.745893995
2023,"SE","FT","Machine Learning Engineer",247500,"USD",247500,"US",0,"US","M",167831.571270856
2023,"MI","FT","Data Engineer",140000,"USD",140000,"US",0,"US","M",112321.599400465
2023,"SE","FT","Data Analyst",85000,"USD",85000,"US",100,"US","M",126707.745893995
2023,"SE","FT","Data Manager",60027,"GBP",72946,"GB",0,"GB","M",128270.673945421
2023,"EX","FT","Head of Data Science",131899,"GBP",160288,"GB",0,"GB","M",161482.822129038
2023,"SE","FT","Data Engineer",80000,"USD",80000,"US",0,"US","M",151844.029846682
2023,"SE","FT","Data Engineer",65000,"USD",65000,"US",0,"US","M",151844.029846682
2023,"SE","FT","Data Analyst",180000,"USD",180000,"US",0,"US","M",126707.745893995
2023,"SE","FT","Data Analyst",106800,"USD",106800,"US",0,"US","M",126707.745893995
2023,"SE","FT","Data Analyst",85500,"USD",85500,"US",0,"US","M",126707.745893995
2023,"SE","FT","Data Scientist",147100,"USD",147100,"US",0,"US","M",153153.875343298
2023,"SE","FT","Data Engineer",135000,"USD",135000,"US",100,"US","M",151844.029846682
2023,"SE","FT","Machine Learning Engineer",163800,"USD",163800,"US",0,"US","M",167831.571270856
2023,"SE","FT","Data Engineer",65000,"USD",65000,"US",100,"US","M",151844.029846682
2023,"SE","FT","Research Engineer",230000,"USD",230000,"US",0,"US","M",185628.542765693
2023,"SE","FT","Machine Learning Engineer",269000,"USD",269000,"CA",100,"CA","M",167831.571270856
2023,"SE","FT","Data Engineer",290000,"USD",290000,"US",100,"US","M",151844.029846682
2023,"SE","FT","Data Scientist",200160,"USD",200160,"US",0,"US","M",153153.875343298
2023,"SE","FT","Data Scientist",300240,"USD",135000,"US",0,"US","M",153153.875343298
2023,"SE","FT","Data Scientist",200160,"USD",200160,"US",0,"US","M",153153.875343298
2023,"SE","FT","Data Manager",100000,"USD",100000,"US",0,"US","M",128270.673945421
2023,"EN","FT","Data Analyst",48000,"USD",48000,"US",0,"US","M",71744.8299495786
2023,"SE","FT","Data Engineer",137500,"USD",137500,"US",100,"US","M",151844.029846682
2023,"SE","FT","Data Engineer",81500,"USD",81500,"US",100,"US","M",151844.029846682
2021,"MI","FT","AI Scientist",30000,"USD",30000,"GH",0,"GH","S",67456.0169865322
2023,"SE","FT","Machine Learning Engineer",186000,"USD",186000,"US",100,"US","M",167831.571270856
2023,"SE","FT","Machine Learning Engineer",240000,"USD",240000,"US",100,"US","M",167831.571270856
2023,"SE","FT","Data Science Manager",299500,"USD",135000,"US",0,"US","M",177483.128400533
2023,"SE","FT","Data Engineer",66000,"USD",66000,"US",100,"US","M",151844.029846682
2023,"MI","FT","Machine Learning Engineer",126277,"USD",126277,"US",0,"US","M",128309.140824639
2023,"SE","FT","Machine Learning Software Engineer",170000,"USD",170000,"US",0,"US","M",178216.530127215
2023,"SE","FT","Data Scientist",139500,"USD",139500,"US",0,"US","M",153153.875343298
2023,"MI","FT","Data Engineer",120000,"USD",120000,"US",100,"US","M",112321.599400465
2023,"MI","FT","Data Analyst",90000,"GBP",109371,"HR",0,"HR","M",87185.3154477785
2023,"MI","FT","Data Analyst",60000,"GBP",72914,"HR",0,"HR","M",87185.3154477785
2023,"SE","FT","Data Scientist",185900,"USD",185900,"US",0,"US","M",153153.875343298
2023,"SE","FT","Data Scientist",129300,"USD",129300,"US",0,"US","M",153153.875343298
2023,"SE","FT","Machine Learning Engineer",288000,"USD",288000,"US",100,"US","M",167831.571270856
2023,"EN","FT","Data Analyst",75000,"USD",75000,"US",100,"US","M",71744.8299495786
2023,"SE","FT","Data Scientist",182200,"USD",182200,"US",100,"US","M",153153.875343298
2023,"SE","FT","Machine Learning Engineer",147100,"USD",147100,"US",0,"US","M",167831.571270856
2023,"SE","FT","Data Architect",160000,"USD",160000,"US",100,"US","M",160579.550764664
2023,"SE","FT","Data Engineer",133300,"USD",133300,"US",0,"US","M",151844.029846682
2023,"SE","FT","Data Analyst",52500,"USD",52500,"US",0,"US","M",126707.745893995
2023,"SE","FT","Data Engineer",162500,"USD",162500,"US",100,"US","M",151844.029846682
2023,"EN","FT","Data Analyst",75000,"USD",75000,"US",100,"US","M",71744.8299495786
2023,"SE","FT","Data Analyst",81666,"USD",81666,"US",100,"US","M",126707.745893995
2023,"SE","FT","Data Engineer",63000,"USD",63000,"US",100,"US","M",151844.029846682
2023,"SE","FT","Research Scientist",169200,"USD",169200,"ES",0,"ES","M",171779.907405616
2023,"MI","FT","Data Scientist",170000,"USD",170000,"US",0,"US","M",113631.444897081
2023,"SE","FT","Data Engineer",65488,"USD",65488,"US",0,"US","M",151844.029846682
2023,"SE","FT","Data Architect",115000,"USD",115000,"US",100,"US","M",160579.550764664
2023,"SE","FT","Data Science Manager",138750,"USD",138750,"US",100,"US","M",177483.128400533
2023,"MI","FT","Data Analyst",70000,"GBP",85066,"GB",0,"GB","M",87185.3154477785
2023,"SE","FT","Machine Learning Engineer",318300,"USD",135000,"US",100,"US","M",167831.571270856
2023,"MI","FT","Data Analyst",95000,"USD",95000,"US",100,"US","M",87185.3154477785
2023,"SE","FT","Data Analyst",51962,"USD",51962,"US",100,"US","M",126707.745893995
2023,"SE","FT","Data Engineer",241871,"USD",241871,"US",0,"US","M",151844.029846682
2023,"SE","FT","Data Scientist",90000,"USD",90000,"US",100,"US","M",153153.875343298
2023,"EX","FT","Data Engineer",210914,"USD",210914,"US",100,"US","M",176534.370876719
2023,"SE","FT","Data Scientist",82365,"USD",82365,"US",0,"US","M",153153.875343298
2023,"SE","FT","Data Scientist",175000,"USD",175000,"US",0,"US","M",153153.875343298
2023,"SE","FT","Data Engineer",128000,"USD",128000,"US",0,"US","M",151844.029846682
2023,"MI","FT","Data Engineer",55000,"GBP",66837,"GB",100,"GB","M",112321.599400465
2023,"EX","FT","Data Engineer",236000,"USD",236000,"US",100,"US","M",176534.370876719
2023,"SE","FT","Research Scientist",248100,"USD",248100,"CA",0,"CA","M",171779.907405616
2023,"SE","FT","Research Engineer",102544,"USD",102544,"US",0,"US","M",185628.542765693
2023,"MI","FT","Data Engineer",55000,"EUR",59020,"ES",100,"ES","M",112321.599400465
2023,"SE","FT","Azure Data Engineer",100000,"USD",100000,"NL",50,"NL","L",99999.9999999938
2023,"MI","FT","Research Scientist",70000,"USD",70000,"US",0,"US","M",132257.476959399
2023,"SE","FT","Machine Learning Engineer",204500,"USD",204500,"US",0,"US","M",167831.571270856
2023,"SE","FT","ML Engineer",150000,"USD",150000,"US",0,"US","M",187680.779717749
2023,"SE","FT","Data Engineer",150000,"USD",150000,"US",100,"US","M",151844.029846682
2023,"SE","FT","Data Engineer",133300,"USD",133300,"US",0,"US","M",151844.029846682
2023,"SE","FT","Machine Learning Engineer",125000,"USD",125000,"US",0,"US","M",167831.571270856
2023,"SE","FT","Data Engineer",252000,"USD",252000,"US",0,"US","M",151844.029846682
2023,"MI","FT","Data Analyst",100000,"USD",100000,"US",0,"US","M",87185.3154477785
2023,"SE","FT","Data Engineer",137500,"USD",137500,"US",0,"US","M",151844.029846682
2023,"SE","FT","Data Engineer",81500,"USD",81500,"US",0,"US","M",151844.029846682
2023,"SE","FT","Applied Scientist",205000,"USD",205000,"US",0,"US","M",194346.4072776
2023,"SE","FT","Data Scientist",144000,"USD",144000,"US",100,"US","M",153153.875343298
2023,"EN","FT","BI Developer",160000,"USD",160000,"US",0,"US","M",84546.1842686576
2023,"SE","FT","Data Scientist",105000,"USD",105000,"US",0,"US","M",153153.875343298
2023,"SE","FT","Data Scientist",70000,"USD",70000,"US",0,"US","M",153153.875343298
2023,"SE","FT","Data Scientist",225000,"USD",225000,"US",100,"US","M",153153.875343298
2023,"MI","FT","Machine Learning Engineer",150000,"USD",150000,"US",100,"US","M",128309.140824639
2023,"SE","FT","Data Scientist",237000,"USD",237000,"US",100,"US","M",153153.875343298
2023,"SE","FT","Data Scientist",145000,"USD",145000,"US",100,"US","M",153153.875343298
2023,"SE","FT","Data Engineer",300000,"USD",135000,"US",0,"US","M",151844.029846682
2023,"SE","FT","Data Scientist",285800,"USD",285800,"US",100,"US","M",153153.875343298
2023,"SE","FT","Data Manager",168400,"USD",168400,"US",0,"US","M",128270.673945421
2023,"SE","FT","Data Engineer",240500,"USD",240500,"US",0,"US","L",136151.558965546
2023,"SE","FT","Data Scientist",183500,"USD",183500,"US",100,"US","M",153153.875343298
2023,"SE","FT","Data Scientist",275300,"USD",275300,"US",100,"US","M",153153.875343298
2023,"SE","FT","Data Analyst",125600,"USD",125600,"US",100,"US","M",126707.745893995
2023,"SE","FT","Data Engineer",120000,"USD",120000,"US",0,"US","M",151844.029846682
2023,"SE","FT","Data Engineer",75000,"USD",75000,"US",100,"US","M",151844.029846682
2023,"SE","FT","Data Engineer",107500,"USD",107500,"US",100,"US","M",151844.029846682
2023,"SE","FT","Data Engineer",185900,"USD",185900,"US",0,"US","M",151844.029846682
2023,"SE","FT","Data Engineer",160000,"USD",160000,"US",100,"US","M",151844.029846682
2023,"SE","FT","Data Scientist",110000,"USD",110000,"US",100,"US","M",153153.875343298
2023,"SE","FT","BI Analyst",110000,"USD",110000,"US",0,"US","M",137471.1327318
2023,"MI","FT","Data Analyst",80000,"USD",80000,"US",0,"US","M",87185.3154477785
2023,"SE","FT","ML Engineer",200000,"USD",200000,"US",0,"US","M",187680.779717749
2023,"SE","FT","Data Engineer",252000,"USD",252000,"US",0,"US","M",151844.029846682
2023,"SE","FT","Data Engineer",129000,"USD",129000,"US",0,"US","M",151844.029846682
2023,"SE","FT","Data Engineer",170000,"USD",170000,"US",100,"US","M",151844.029846682
2023,"SE","FT","Data Scientist",134000,"USD",134000,"US",0,"US","M",153153.875343298
2023,"SE","FT","BI Developer",140000,"USD",140000,"US",100,"US","M",139509.100213074
2023,"MI","FT","Data Scientist",50000,"EUR",53654,"RO",50,"RO","L",97938.9740159454
2023,"SE","FT","Data Analyst",48000,"EUR",51508,"ES",0,"ES","M",126707.745893995
2023,"SE","FT","Data Analyst",38000,"EUR",40777,"ES",0,"ES","M",126707.745893995
2023,"EN","FT","Data Engineer",160000,"USD",160000,"US",0,"US","M",96881.1139022653
2023,"SE","FT","Data Scientist",237000,"USD",237000,"US",100,"US","M",153153.875343298
2023,"SE","FT","Data Architect",174500,"USD",174500,"US",0,"US","M",160579.550764664
2023,"SE","FT","Data Analyst",145000,"USD",145000,"US",100,"US","M",126707.745893995
2023,"SE","FT","Data Scientist",210000,"USD",210000,"US",0,"US","M",153153.875343298
2023,"SE","FT","Data Architect",113000,"USD",113000,"US",0,"US","M",160579.550764664
2023,"SE","FT","Data Science Consultant",94000,"USD",94000,"US",0,"US","M",118238.385929983
2023,"SE","FT","Data Engineer",300000,"USD",135000,"US",0,"US","M",151844.029846682
2022,"MI","FT","Computer Vision Engineer",1250000,"INR",15897,"IN",100,"IN","M",123245.533348966
2023,"SE","FT","Data Engineer",122000,"USD",122000,"US",0,"US","M",151844.029846682
2023,"MI","FT","Data Analyst",105500,"USD",105500,"US",0,"US","M",87185.3154477785
2023,"SE","FT","Data Engineer",252000,"USD",252000,"US",0,"US","M",151844.029846682
2023,"SE","FT","Data Scientist",205000,"USD",205000,"US",100,"US","M",153153.875343298
2023,"SE","FT","Data Scientist",150000,"USD",150000,"US",0,"US","M",153153.875343298
2023,"SE","FT","Data Engineer",232200,"USD",232200,"US",100,"US","M",151844.029846682
2023,"SE","FT","Data Lead",200000,"USD",200000,"US",0,"US","M",212500.000000005
2023,"SE","FT","Data Engineer",291500,"USD",291500,"US",0,"US","M",151844.029846682
2023,"SE","FT","Analytics Engineer",207000,"USD",207000,"US",0,"US","M",156770.636086662
2023,"SE","FT","Machine Learning Engineer",145000,"USD",145000,"US",0,"US","M",167831.571270856
2023,"MI","FT","Data Engineer",105000,"USD",105000,"US",0,"US","M",112321.599400465
2023,"SE","FT","Data Science Engineer",100000,"USD",100000,"US",0,"US","M",107663.474441697
2023,"SE","FT","Research Scientist",150000,"USD",150000,"US",0,"US","M",171779.907405616
2023,"SE","FT","Data Scientist",84000,"USD",84000,"US",100,"US","M",153153.875343298
2023,"SE","FT","Data Scientist",185900,"USD",185900,"US",0,"US","M",153153.875343298
2023,"SE","FT","Applied Scientist",126100,"USD",126100,"US",0,"US","L",178653.936396464
2023,"SE","FT","Data Engineer",150000,"USD",150000,"US",100,"US","M",151844.029846682
2023,"MI","FT","Machine Learning Engineer",140000,"USD",140000,"US",100,"US","M",128309.140824639
2022,"EN","PT","Data Analyst",24000,"EUR",25216,"ES",100,"US","L",26170.184353493
2023,"SE","FT","Research Scientist",165750,"USD",165750,"US",0,"US","M",171779.907405616
2023,"SE","FT","Machine Learning Scientist",225000,"USD",225000,"US",100,"US","M",198307.52204512
2023,"SE","FT","Data Scientist",115000,"USD",115000,"US",100,"US","M",153153.875343298
2023,"SE","FT","Data Scientist",140000,"USD",140000,"US",100,"US","M",153153.875343298
2023,"SE","FT","Data Analyst",80000,"USD",80000,"US",100,"US","M",126707.745893995
2023,"MI","FT","Data Engineer",100000,"USD",100000,"US",0,"US","M",112321.599400465
2023,"SE","FT","Data Engineer",231250,"USD",231250,"US",100,"US","M",151844.029846682
2023,"SE","FT","Data Engineer",162000,"USD",162000,"US",0,"US","M",151844.029846682
2023,"SE","FT","Research Scientist",200000,"USD",200000,"US",0,"US","M",171779.907405616
2023,"SE","FT","Research Scientist",150000,"USD",150000,"US",0,"US","M",171779.907405616
2023,"EN","FT","Research Engineer",120000,"USD",120000,"US",0,"US","M",130665.626821277
2022,"SE","FT","Data Analytics Manager",133000,"USD",133000,"NL",0,"NL","L",140453.718853094
2023,"SE","FT","Data Scientist",182000,"USD",182000,"US",0,"US","M",153153.875343298
2023,"SE","FT","Data Analyst",64000,"USD",64000,"US",100,"US","M",126707.745893995
2023,"SE","FT","Data Scientist",140000,"USD",140000,"US",0,"US","M",153153.875343298
2023,"SE","FT","Data Scientist",115440,"USD",115440,"US",0,"US","M",153153.875343298
2023,"SE","FT","Data Scientist",120000,"USD",120000,"CA",0,"CA","M",153153.875343298
2023,"SE","FT","Data Engineer",141600,"USD",141600,"US",0,"US","M",151844.029846682
2023,"SE","FT","Data Engineer",166000,"USD",166000,"US",100,"US","M",151844.029846682
2023,"SE","FT","Data Engineer",182000,"USD",182000,"US",100,"US","M",151844.029846682
2023,"SE","FT","Machine Learning Engineer",261500,"USD",261500,"US",0,"US","L",152139.10038972
2022,"SE","FT","Data Engineer",155000,"USD",155000,"US",0,"US","M",151844.029846682
2022,"SE","FT","Data Engineer",120000,"USD",120000,"US",0,"US","M",151844.029846682
2022,"SE","FT","Data Engineer",145000,"USD",145000,"US",0,"US","M",151844.029846682
2022,"SE","FT","Data Engineer",115000,"USD",115000,"US",0,"US","M",151844.029846682
2022,"MI","FT","Data Scientist",127500,"USD",127500,"US",100,"US","M",113631.444897081
2022,"MI","FT","Data Engineer",260000,"USD",260000,"US",0,"US","M",112321.599400465
2022,"SE","FT","Data Scientist",272550,"USD",272550,"US",100,"US","M",153153.875343298
2022,"MI","FT","Data Analyst",150000,"USD",150000,"US",0,"US","M",87185.3154477785
2022,"SE","FT","Machine Learning Software Engineer",248400,"USD",248400,"CA",100,"CA","M",178216.530127215
2022,"MI","FT","Data Engineer",150000,"USD",150000,"US",100,"US","M",112321.599400465
2022,"EN","FT","Data Engineer",160000,"USD",160000,"US",0,"US","M",96881.1139022653
2022,"EN","FT","Data Science Consultant",23000,"EUR",24165,"IT",50,"IT","M",63275.469985566
2022,"SE","FT","Data Engineer",144000,"USD",144000,"US",100,"US","M",151844.029846682
2022,"SE","FT","Data Analyst",149000,"USD",149000,"US",100,"US","M",126707.745893995
2022,"SE","FT","Data Scientist",140000,"USD",140000,"US",0,"US","M",153153.875343298
2022,"SE","FT","Data Scientist",155000,"USD",155000,"US",0,"US","M",153153.875343298
2022,"MI","FT","Data Engineer",130000,"USD",130000,"US",0,"US","M",112321.599400465
2022,"MI","FT","Data Scientist",75000,"GBP",92350,"GB",0,"GB","M",113631.444897081
2022,"MI","FT","Data Engineer",105000,"USD",105000,"US",0,"US","M",112321.599400465
2022,"SE","FT","Data Engineer",129300,"USD",129300,"US",0,"US","M",151844.029846682
2022,"SE","FT","Data Science Manager",175000,"USD",175000,"US",0,"US","M",177483.128400533
2022,"MI","FT","Data Analyst",60000,"USD",60000,"US",100,"US","M",87185.3154477785
2022,"EN","FT","Machine Learning Software Engineer",10000,"USD",10000,"MA",50,"MA","S",80251.2288551012
2022,"SE","FT","Data Engineer",120000,"USD",120000,"US",0,"US","M",151844.029846682
2022,"MI","FT","Data Engineer",120000,"USD",120000,"US",100,"US","M",112321.599400465
2022,"MI","FT","Data Engineer",2800000,"INR",35610,"IN",50,"IN","L",96629.1285193297
2022,"MI","FT","Data Analyst",100000,"USD",100000,"US",0,"US","M",87185.3154477785
2022,"SE","FT","Data Scientist",36000,"EUR",37824,"ES",0,"ES","M",153153.875343298
2022,"SE","FT","Data Scientist",140000,"USD",140000,"US",100,"US","M",153153.875343298
2022,"SE","FT","Data Analyst",127000,"USD",127000,"US",100,"US","M",126707.745893995
2022,"SE","FT","Machine Learning Engineer",150000,"USD",150000,"US",100,"US","M",167831.571270856
2022,"MI","FT","Data Analyst",102640,"USD",102640,"US",100,"US","M",87185.3154477785
2022,"SE","FT","Research Scientist",150000,"USD",150000,"US",100,"US","M",171779.907405616
2022,"EN","FT","Data Engineer",160000,"USD",160000,"US",0,"US","M",96881.1139022653
2022,"SE","FT","Machine Learning Engineer",255000,"USD",255000,"MX",100,"MX","M",167831.571270856
2022,"EN","FT","Data Analyst",50000,"USD",50000,"US",50,"US","L",56052.3590684431
2022,"MI","FT","MLOps Engineer",124000,"USD",124000,"US",100,"US","M",129000
2022,"SE","FT","Data Analyst",166700,"USD",166700,"US",0,"US","M",126707.745893995
2022,"SE","FT","Data Analyst",119000,"USD",119000,"US",0,"US","M",126707.745893995
2022,"EN","FT","Data Scientist",124234,"USD",124234,"US",0,"US","M",98190.959398881
2022,"SE","FT","Data Specialist",110000,"USD",110000,"US",0,"US","M",139344.465803844
2022,"SE","FT","Data Specialist",70000,"USD",70000,"US",0,"US","M",139344.465803844
2022,"EN","FT","Data Analyst",50000,"USD",50000,"US",50,"US","L",56052.3590684431
2022,"SE","FT","Data Scientist",36000,"EUR",37824,"ES",0,"ES","M",153153.875343298
2022,"SE","FT","Data Analyst",201000,"USD",201000,"US",100,"US","M",126707.745893995
2022,"SE","FT","Applied Scientist",196000,"USD",196000,"US",100,"US","M",194346.4072776
2022,"MI","FT","Machine Learning Researcher",150000,"USD",150000,"US",100,"US","M",117933.922230025
2022,"MI","FT","Machine Learning Researcher",130000,"USD",130000,"US",100,"US","M",117933.922230025
2022,"SE","FT","Data Engineer",144000,"USD",144000,"US",100,"US","M",151844.029846682
2022,"MI","FT","Data Scientist",180000,"USD",180000,"US",0,"US","M",113631.444897081
2022,"SE","FT","Data Engineer",130000,"USD",130000,"US",0,"US","M",151844.029846682
2022,"MI","FT","Machine Learning Scientist",135000,"USD",135000,"US",0,"US","M",158785.091598903
2022,"SE","FT","Data Scientist",130000,"USD",130000,"US",0,"US","M",153153.875343298
2022,"SE","FT","Data Engineer",197430,"USD",197430,"US",100,"US","M",151844.029846682
2021,"SE","FT","Data Analyst",115000,"USD",115000,"US",100,"US","S",83705.3605662978
2022,"SE","FT","Data Scientist",140000,"USD",140000,"US",100,"US","M",153153.875343298
2022,"MI","FT","Data Scientist",90000,"USD",90000,"US",100,"US","M",113631.444897081
2022,"MI","FT","Data Analyst",124000,"USD",124000,"US",0,"US","M",87185.3154477785
2022,"SE","FT","Data Engineer",132000,"USD",132000,"CA",0,"CA","M",151844.029846682
2022,"SE","FT","Data Analyst",110600,"USD",110600,"US",0,"US","M",126707.745893995
2022,"SE","FT","Data Analyst",96000,"USD",96000,"US",100,"US","M",126707.745893995
2022,"SE","FT","Data Analyst",57000,"GBP",70186,"GB",0,"GB","M",126707.745893995
2022,"SE","FT","Data Architect",190000,"USD",190000,"US",100,"US","M",160579.550764664
2022,"EN","FT","Machine Learning Engineer",189750,"USD",189750,"US",0,"US","M",112868.655326439
2022,"SE","FT","Research Engineer",250000,"USD",250000,"US",0,"US","M",185628.542765693
2022,"MI","FT","Data Analyst",206000,"USD",206000,"US",0,"US","M",87185.3154477785
2022,"SE","FT","Machine Learning Engineer",110000,"EUR",115573,"FR",100,"FR","M",167831.571270856
2022,"MI","FT","Data Analyst",150000,"USD",150000,"US",0,"US","M",87185.3154477785
2022,"SE","FT","Data Engineer",154600,"USD",154600,"US",0,"US","L",136151.558965546
2022,"SE","FT","Data Analyst",110600,"USD",110600,"US",0,"US","M",126707.745893995
2022,"MI","FT","Data Scientist",120000,"USD",120000,"US",0,"US","M",113631.444897081
2022,"SE","FT","Data Scientist",129300,"USD",129300,"US",0,"US","M",153153.875343298
2022,"EN","FT","Data Science Consultant",26000,"EUR",27317,"ES",50,"ES","L",47582.9991044304
2022,"SE","FT","Data Engineer",115000,"USD",115000,"US",0,"US","M",151844.029846682
2022,"SE","FT","Data Engineer",168400,"USD",168400,"US",0,"US","M",151844.029846682
2022,"SE","FT","Data Engineer",105200,"USD",105200,"US",0,"US","M",151844.029846682
2022,"MI","FT","Deep Learning Engineer",40000,"GBP",49253,"GB",100,"GB","M",114387.8284994
2022,"SE","FT","Data Engineer",200000,"USD",200000,"US",0,"US","M",151844.029846682
2022,"MI","FT","Analytics Engineer",85000,"GBP",104663,"GB",0,"GB","M",117248.205640445
2022,"MI","FT","Analytics Engineer",60000,"GBP",73880,"GB",0,"GB","M",117248.205640445
2022,"SE","FT","Data Scientist",107000,"USD",107000,"US",100,"US","M",153153.875343298
2022,"EN","FT","Data Engineer",160000,"USD",160000,"US",0,"US","M",96881.1139022653
2022,"EN","FT","Data Engineer",135000,"USD",135000,"US",0,"US","M",96881.1139022653
2022,"MI","FT","Data Engineer",95000,"USD",95000,"US",0,"US","M",112321.599400465
2022,"MI","FT","Data Analyst",100000,"USD",100000,"CA",0,"CA","M",87185.3154477785
2022,"MI","FT","Data Analyst",65000,"USD",65000,"CA",0,"CA","M",87185.3154477785
2022,"MI","FT","Data Engineer",95000,"USD",95000,"US",0,"US","M",112321.599400465
2022,"EX","FT","Data Engineer",310000,"USD",135000,"US",100,"US","M",176534.370876719
2022,"SE","FT","Data Science Manager",299500,"USD",135000,"US",0,"US","M",177483.128400533
2022,"SE","FT","Data Science Manager",245100,"USD",245100,"US",0,"US","M",177483.128400533
2022,"SE","FT","Data Scientist",168000,"USD",168000,"US",100,"US","M",153153.875343298
2022,"MI","FT","Data Engineer",118000,"USD",118000,"US",100,"US","M",112321.599400465
2022,"SE","FT","Applied Scientist",205000,"USD",205000,"US",100,"US","M",194346.4072776
2022,"SE","FT","Data Science Manager",247500,"USD",247500,"US",0,"US","M",177483.128400533
2022,"SE","FT","Data Engineer",146000,"USD",146000,"US",0,"US","M",151844.029846682
2022,"SE","FT","Data Analyst",110600,"USD",110600,"US",0,"US","M",126707.745893995
2022,"SE","FT","Data Engineer",50000,"GBP",61566,"GB",100,"GB","M",151844.029846682
2022,"MI","FT","Data Engineer",135000,"USD",135000,"US",100,"US","M",112321.599400465
2022,"SE","FT","Data Engineer",231250,"USD",231250,"US",100,"US","M",151844.029846682
2022,"SE","FT","Analytics Engineer",231250,"USD",231250,"US",100,"US","M",156770.636086662
2022,"SE","FT","Machine Learning Engineer",142200,"USD",142200,"US",0,"US","M",167831.571270856
2022,"SE","FT","Machine Learning Engineer",204500,"USD",204500,"US",0,"US","M",167831.571270856
2022,"SE","FT","Data Scientist",205000,"USD",205000,"US",100,"US","M",153153.875343298
2022,"SE","FT","Data Scientist",185000,"USD",185000,"US",100,"US","M",153153.875343298
2022,"SE","FT","Data Scientist",185900,"USD",185900,"US",0,"US","M",153153.875343298
2022,"SE","FT","Data Scientist",129300,"USD",129300,"US",0,"US","M",153153.875343298
2022,"SE","FT","Data Scientist",129300,"USD",129300,"US",0,"US","M",153153.875343298
2022,"EN","FT","Data Scientist",6600000,"HUF",17684,"HU",100,"HU","M",98190.959398881
2022,"SE","FT","Data Scientist",156400,"USD",156400,"US",0,"US","M",153153.875343298
2022,"SE","FT","Data Analyst",115934,"USD",115934,"US",100,"US","M",126707.745893995
2022,"SE","FT","Data Engineer",150000,"USD",150000,"US",100,"US","M",151844.029846682
2022,"SE","FT","Data Analyst",123648,"USD",123648,"US",0,"US","M",126707.745893995
2022,"MI","FT","Data Engineer",170000,"USD",170000,"US",0,"US","M",112321.599400465
2022,"MI","FT","Data Engineer",145000,"USD",145000,"US",0,"US","M",112321.599400465
2022,"SE","FT","Data Scientist",156600,"USD",156600,"US",100,"US","M",153153.875343298
2022,"MI","FT","Data Analyst",160000,"USD",160000,"US",0,"US","M",87185.3154477785
2022,"SE","FT","Data Engineer",182500,"USD",182500,"US",100,"US","M",151844.029846682
2022,"SE","FT","Data Engineer",128500,"USD",128500,"US",100,"US","M",151844.029846682
2022,"MI","FT","Data Engineer",90000,"USD",90000,"US",100,"US","M",112321.599400465
2022,"SE","FT","Data Analyst",110000,"USD",110000,"US",100,"US","M",126707.745893995
2022,"SE","FT","Data Engineer",140000,"USD",140000,"US",100,"US","M",151844.029846682
2022,"SE","FT","Data Engineer",247500,"USD",247500,"US",0,"US","M",151844.029846682
2022,"MI","FT","Machine Learning Engineer",90000,"USD",90000,"US",0,"US","M",128309.140824639
2022,"MI","FT","Data Scientist",78000,"USD",78000,"US",100,"US","M",113631.444897081
2022,"EX","FT","Head of Data",205000,"USD",205000,"US",0,"US","M",188813.106341861
2022,"EN","FT","Data Engineer",40000,"GBP",49253,"GB",100,"GB","M",96881.1139022653
2022,"SE","FT","Data Engineer",100000,"USD",100000,"US",0,"US","M",151844.029846682
2022,"SE","FT","Data Engineer",170000,"USD",170000,"US",0,"US","M",151844.029846682
2022,"SE","FT","Data Analyst",127000,"USD",127000,"US",0,"US","M",126707.745893995
2022,"SE","FT","Data Engineer",166000,"USD",166000,"US",100,"US","M",151844.029846682
2022,"SE","FT","Data Scientist",140000,"USD",140000,"US",100,"US","M",153153.875343298
2022,"SE","FT","Data Engineer",110000,"USD",110000,"US",0,"US","M",151844.029846682
2022,"MI","FT","ML Engineer",180000,"USD",180000,"US",100,"US","M",148158.349271532
2022,"EN","FT","Data Scientist",180000,"USD",180000,"US",100,"US","M",98190.959398881
2022,"MI","FT","Data Analyst",52500,"USD",52500,"US",0,"US","M",87185.3154477785
2022,"SE","FT","Data Architect",81500,"USD",81500,"US",0,"US","M",160579.550764664
2022,"SE","FT","Data Operations Engineer",70000,"USD",70000,"US",0,"US","M",122198.458267728
2022,"SE","FT","Data Scientist",202800,"USD",202800,"US",0,"US","L",137461.404462162
2022,"SE","FT","Data Engineer",160000,"USD",160000,"US",0,"US","M",151844.029846682
2022,"MI","FT","Analytics Engineer",78000,"USD",78000,"BR",100,"BR","M",117248.205640445
2022,"SE","FT","Data Analyst",150000,"USD",150000,"US",0,"US","M",126707.745893995
2022,"SE","FT","Data Analyst",95000,"USD",95000,"US",0,"US","M",126707.745893995
2022,"MI","FT","Data Engineer",42000,"USD",42000,"BR",100,"BR","M",112321.599400465
2022,"SE","FT","Data Engineer",115000,"USD",115000,"US",0,"US","M",151844.029846682
2022,"SE","FT","Data Analyst",175950,"USD",175950,"US",100,"US","M",126707.745893995
2022,"EN","FT","Data Scientist",80000,"USD",80000,"US",100,"US","L",82498.4885177455
2022,"SE","FT","Data Engineer",129300,"USD",129300,"US",0,"US","M",151844.029846682
2022,"SE","FT","Data Analyst",169000,"USD",169000,"US",0,"US","M",126707.745893995
2022,"SE","FT","Data Analyst",110600,"USD",110600,"US",0,"US","M",126707.745893995
2022,"SE","FT","Data Scientist",129300,"USD",129300,"US",0,"US","M",153153.875343298
2022,"SE","FT","Data Scientist",38000,"USD",38000,"US",100,"US","M",153153.875343298
2022,"SE","FT","Data Scientist",155000,"USD",155000,"US",100,"US","M",153153.875343298
2022,"MI","FT","Data Engineer",75000,"GBP",92350,"GB",0,"GB","M",112321.599400465
2022,"SE","FT","Data Scientist",38000,"USD",38000,"US",100,"US","M",153153.875343298
2022,"SE","FT","Data Scientist",168000,"USD",168000,"US",100,"US","M",153153.875343298
2022,"SE","FT","Data Engineer",191200,"USD",191200,"US",0,"US","M",151844.029846682
2022,"SE","FT","Data Analyst",139600,"USD",139600,"US",0,"US","M",126707.745893995
2022,"SE","FT","Data Engineer",185900,"USD",185900,"US",0,"US","M",151844.029846682
2022,"SE","FT","Data Engineer",129300,"USD",129300,"US",0,"US","M",151844.029846682
2022,"SE","FT","Data Scientist",36000,"EUR",37824,"ES",0,"ES","M",153153.875343298
2022,"MI","FT","Data Manager",98000,"USD",98000,"US",0,"US","M",88748.2434992043
2022,"MI","FT","Data Analyst",105000,"USD",105000,"US",0,"US","M",87185.3154477785
2022,"SE","FT","Data Engineer",170000,"USD",170000,"US",100,"US","M",151844.029846682
2022,"SE","FT","Data Architect",160000,"USD",160000,"US",100,"US","M",160579.550764664
2022,"SE","FT","Data Analyst",115934,"USD",115934,"US",100,"US","M",126707.745893995
2022,"SE","FT","Data Engineer",225000,"USD",225000,"US",0,"US","M",151844.029846682
2022,"SE","FT","Data Scientist",198440,"USD",198440,"US",0,"US","L",137461.404462162
2022,"SE","FT","Lead Machine Learning Engineer",66000,"EUR",69344,"PT",100,"PT","L",77696.8430396208
2021,"EN","FT","Data Analyst",56000,"AUD",42028,"AU",50,"AU","L",56052.3590684431
2022,"SE","FT","Data Engineer",160000,"USD",160000,"US",100,"US","M",151844.029846682
2022,"EX","FT","Data Engineer",116100,"USD",116100,"US",100,"US","M",176534.370876719
2022,"SE","FT","Data Engineer",200000,"USD",200000,"US",100,"US","M",151844.029846682
2022,"SE","FT","Data Engineer",175000,"USD",175000,"US",100,"US","M",151844.029846682
2022,"SE","FT","Data Architect",190000,"USD",190000,"US",100,"US","M",160579.550764664
2022,"SE","FT","ML Engineer",195400,"USD",195400,"US",100,"US","L",171988.308836613
2022,"SE","FT","Data Scientist",191475,"USD",191475,"US",100,"US","M",153153.875343298
2022,"SE","FT","Machine Learning Engineer",200000,"USD",200000,"PR",100,"PR","M",167831.571270856
2022,"SE","FT","Machine Learning Engineer",135000,"USD",135000,"PR",100,"PR","M",167831.571270856
2022,"SE","FT","Data Engineer",195700,"USD",195700,"US",0,"US","M",151844.029846682
2022,"SE","FT","Data Engineer",130500,"USD",130500,"US",0,"US","M",151844.029846682
2022,"MI","FT","Data Operations Engineer",100000,"USD",100000,"US",100,"US","M",82676.0278215118
2022,"SE","FT","Data Analyst",144000,"USD",144000,"US",100,"US","M",126707.745893995
2022,"SE","FT","Data Analyst",113000,"USD",113000,"US",100,"US","M",126707.745893995
2022,"SE","FT","Data Architect",195400,"USD",195400,"US",100,"US","L",144887.079883528
2022,"SE","FT","Data Architect",195400,"USD",195400,"US",100,"US","L",144887.079883528
2022,"SE","FT","Data Architect",131300,"USD",131300,"US",100,"US","L",144887.079883528
2022,"SE","FT","Data Engineer",85000,"USD",85000,"US",100,"US","M",151844.029846682
2022,"MI","CT","NLP Engineer",60000,"USD",60000,"IN",100,"US","S",59359.4411857055
2022,"MI","FT","Data Engineer",65000,"GBP",80036,"GB",100,"GB","M",112321.599400465
2021,"EN","FT","Machine Learning Research Engineer",20000,"USD",20000,"FR",50,"FR","M",46805.3640660165
2022,"SE","FT","Data Architect",190000,"USD",190000,"US",100,"US","M",160579.550764664
2022,"SE","FT","Analytics Engineer",100000,"USD",100000,"US",100,"US","M",156770.636086662
2022,"SE","FT","Data Engineer",193000,"USD",193000,"ES",100,"US","M",151844.029846682
2022,"EN","FT","Data Scientist",93000,"USD",93000,"US",0,"US","M",98190.959398881
2022,"MI","FT","Data Operations Engineer",100000,"USD",100000,"US",100,"US","M",82676.0278215118
2022,"SE","FT","ETL Developer",250000,"USD",250000,"US",100,"US","M",139358.086089242
2022,"SE","FT","Data Scientist",191475,"USD",191475,"US",100,"US","M",153153.875343298
2022,"SE","FT","Data Engineer",164000,"USD",164000,"US",0,"US","M",151844.029846682
2022,"SE","FT","Data Engineer",150000,"USD",150000,"US",100,"US","M",151844.029846682
2022,"SE","FT","Data Engineer",250000,"USD",250000,"US",100,"US","M",151844.029846682
2022,"SE","FT","Analytics Engineer",165000,"USD",165000,"US",100,"US","M",156770.636086662
2022,"SE","FT","Data Engineer",135000,"USD",135000,"US",0,"US","M",151844.029846682
2022,"SE","FT","Data Scientist",191475,"USD",191475,"US",100,"US","M",153153.875343298
2022,"MI","FT","Financial Data Analyst",75000,"USD",75000,"US",0,"US","M",117275.142420155
2022,"MI","FT","Data Engineer",70000,"GBP",86193,"GB",100,"GB","M",112321.599400465
2022,"SE","FT","Analytics Engineer",65004,"GBP",80041,"GB",100,"GB","M",156770.636086662
2022,"SE","FT","Data Scientist",191475,"USD",191475,"US",100,"US","M",153153.875343298
2022,"SE","FT","Data Scientist",141525,"USD",141525,"US",100,"US","M",153153.875343298
2022,"SE","FT","Data Operations Analyst",66000,"USD",66000,"US",100,"US","M",90562.4999999984
2022,"EN","FT","Data Analyst",46000,"USD",46000,"US",100,"US","L",56052.3590684431
2022,"EX","FT","AI Scientist",200000,"USD",200000,"US",100,"US","S",131668.788462786
2022,"SE","FT","Data Scientist",204100,"USD",204100,"US",0,"US","M",153153.875343298
2022,"SE","FT","Analytics Engineer",250000,"USD",250000,"US",0,"US","M",156770.636086662
2021,"EN","PT","Computer Vision Software Engineer",120000,"DKK",19073,"DK",50,"DK","L",47493.6515419129
2022,"SE","FT","Data Scientist",191475,"USD",191475,"US",100,"US","M",153153.875343298
2022,"SE","FT","Data Scientist",191475,"USD",191475,"US",100,"US","M",153153.875343298
2022,"SE","FT","Data Specialist",70000,"USD",70000,"US",100,"US","M",139344.465803844
2022,"SE","FT","Data Scientist",170000,"USD",170000,"US",100,"US","M",153153.875343298
2022,"MI","FT","Product Data Analyst",140000,"USD",140000,"US",100,"US","M",74462.7625176316
2022,"SE","FT","Data Scientist",175000,"USD",175000,"US",0,"US","M",153153.875343298
2022,"SE","FT","Analytics Engineer",250000,"USD",250000,"US",0,"US","M",156770.636086662
2022,"SE","FT","Data Engineer",90000,"USD",90000,"US",0,"US","M",151844.029846682
2022,"MI","FT","Data Scientist",160000,"USD",160000,"US",0,"US","M",113631.444897081
2022,"SE","FT","Analytics Engineer",245000,"USD",245000,"US",0,"US","M",156770.636086662
2022,"SE","FT","Analytics Engineer",203500,"USD",203500,"US",0,"US","M",156770.636086662
2022,"SE","FT","Data Engineer",63000,"USD",63000,"US",0,"US","M",151844.029846682
2022,"EN","FT","Data Scientist",82000,"USD",82000,"US",0,"US","L",82498.4885177455
2022,"SE","FT","Data Scientist",203500,"USD",203500,"US",0,"US","M",153153.875343298
2022,"SE","FT","Machine Learning Engineer",186000,"USD",186000,"US",100,"US","M",167831.571270856
2022,"SE","FT","Data Scientist",170000,"USD",170000,"US",100,"US","M",153153.875343298
2022,"MI","FT","Data Scientist",110000,"EUR",115573,"NL",0,"NL","M",113631.444897081
2022,"SE","FT","ETL Developer",63000,"USD",63000,"US",0,"US","M",139358.086089242
2022,"SE","FT","Machine Learning Engineer",150000,"USD",150000,"US",100,"US","L",152139.10038972
2022,"SE","FT","Data Analyst",117000,"USD",117000,"US",100,"US","M",126707.745893995
2022,"SE","FT","Data Analyst",99450,"USD",99450,"US",100,"US","M",126707.745893995
2022,"SE","FT","Data Engineer",200000,"USD",200000,"PR",100,"PR","M",151844.029846682
2022,"SE","FT","Machine Learning Engineer",193900,"USD",193900,"US",0,"US","M",167831.571270856
2022,"EN","FT","Machine Learning Engineer",45000,"GBP",55410,"GB",100,"GB","S",69866.2699987414
2022,"SE","FT","Data Analyst",50000,"GBP",61566,"GB",0,"GB","M",126707.745893995
2022,"SE","FT","Data Scientist",123400,"USD",123400,"US",0,"US","M",153153.875343298
2022,"EN","FT","Data Scientist",80000,"EUR",84053,"BE",100,"BE","L",82498.4885177455
2022,"SE","FT","Data Science Manager",140100,"USD",140100,"US",100,"US","L",161790.657519397
2022,"SE","FT","Data Scientist",180000,"USD",180000,"US",100,"US","L",137461.404462162
2022,"SE","FT","Machine Learning Scientist",216000,"USD",216000,"US",0,"US","M",198307.52204512
2022,"SE","FT","Machine Learning Scientist",144000,"USD",144000,"US",0,"US","M",198307.52204512
2021,"SE","FT","Cloud Data Architect",250000,"USD",250000,"US",50,"US","L",249999.999999999
2022,"SE","FT","Analytics Engineer",48000,"USD",48000,"AR",100,"US","S",113768.250758964
2022,"MI","FT","Data Analyst",130000,"USD",130000,"US",100,"US","M",87185.3154477785
2022,"SE","FT","Data Engineer",206699,"USD",206699,"US",0,"US","M",151844.029846682
2022,"SE","FT","Data Engineer",63000,"USD",63000,"US",0,"US","M",151844.029846682
2022,"SE","FT","Data Engineer",80000,"USD",80000,"US",0,"US","L",136151.558965546
2022,"MI","FT","Data Scientist",58000,"EUR",60938,"DE",100,"DE","S",70629.0595693834
2022,"MI","FT","Data Scientist",65000,"GBP",80036,"GB",50,"GB","M",113631.444897081
2022,"SE","FT","Data Analyst",128875,"USD",128875,"US",100,"US","M",126707.745893995
2022,"SE","FT","Data Analyst",93700,"USD",93700,"US",100,"US","M",126707.745893995
2022,"SE","FT","Data Engineer",160000,"USD",160000,"US",100,"US","M",151844.029846682
2022,"SE","FT","Data Analyst",99450,"USD",99450,"US",100,"US","M",126707.745893995
2022,"MI","FT","Data Analyst",90000,"SGD",65257,"SG",50,"SG","M",87185.3154477785
2022,"MI","FT","Data Scientist",153000,"USD",153000,"US",100,"US","L",97938.9740159454
2022,"SE","FT","Data Analyst",110925,"USD",110925,"US",100,"US","M",126707.745893995
2022,"MI","FT","Machine Learning Scientist",22800,"USD",22800,"EG",100,"EG","M",158785.091598903
2022,"SE","FT","Data Scientist",92000,"USD",92000,"US",100,"US","L",137461.404462162
2022,"SE","FT","Machine Learning Engineer",202900,"USD",202900,"US",100,"US","L",152139.10038972
2020,"EN","FT","Data Analyst",20000,"EUR",22809,"PT",100,"PT","M",71744.8299495786
2022,"SE","FT","Data Engineer",135000,"USD",135000,"US",100,"US","M",151844.029846682
2022,"EN","FT","Machine Learning Engineer",83000,"USD",83000,"US",0,"US","L",97176.1844453033
2022,"SE","FT","Data Science Manager",200000,"USD",200000,"US",100,"US","M",177483.128400533
2022,"MI","FT","Data Engineer",62500,"EUR",65666,"DE",50,"DE","S",69319.2140727678
2022,"MI","FT","Data Engineer",75000,"GBP",92350,"GB",0,"GB","M",112321.599400465
2022,"SE","FT","Data Engineer",209100,"USD",209100,"US",100,"US","L",136151.558965546
2022,"SE","FT","Data Engineer",154600,"USD",154600,"US",100,"US","L",136151.558965546
2022,"SE","FT","Machine Learning Engineer",164996,"USD",164996,"US",0,"US","M",167831.571270856
2022,"EX","FT","Lead Data Engineer",150000,"CAD",115222,"CA",100,"CA","S",154673.972637023
2022,"SE","FT","Data Engineer",132320,"USD",132320,"US",100,"US","M",151844.029846682
2022,"SE","FT","Data Analyst",128875,"USD",128875,"US",100,"US","M",126707.745893995
2022,"SE","FT","Data Engineer",183600,"USD",183600,"US",100,"US","L",136151.558965546
2022,"MI","FT","Data Analyst",30000,"GBP",36940,"GB",100,"GB","M",87185.3154477785
2022,"MI","FT","Data Engineer",80000,"GBP",98506,"GB",100,"GB","M",112321.599400465
2022,"MI","FT","Data Engineer",70000,"GBP",86193,"GB",100,"GB","M",112321.599400465
2022,"MI","FT","Data Engineer",80000,"EUR",84053,"GR",100,"GR","M",112321.599400465
2022,"MI","FT","Data Analyst",30000,"EUR",31520,"GR",100,"GR","M",87185.3154477785
2022,"MI","FT","Data Engineer",60000,"GBP",73880,"GB",100,"GB","M",112321.599400465
2022,"MI","FT","Machine Learning Scientist",160000,"USD",160000,"US",100,"US","L",143092.620717768
2022,"MI","FT","Data Science Manager",159000,"USD",159000,"US",100,"US","M",137960.697954316
2022,"MI","FT","Data Analyst",58000,"USD",58000,"US",0,"US","S",44182.9301200811
2022,"EX","FT","Data Engineer",200000,"USD",200000,"US",100,"US","M",176534.370876719
2022,"SE","FT","Data Analyst",124190,"USD",124190,"US",100,"US","M",126707.745893995
2022,"SE","FT","Data Engineer",132320,"USD",132320,"US",0,"US","M",151844.029846682
2022,"SE","FT","Data Analyst",116000,"USD",116000,"US",0,"US","M",126707.745893995
2022,"SE","FT","Data Analyst",99000,"USD",99000,"US",0,"US","M",126707.745893995
2022,"SE","FT","Data Analyst",120600,"USD",120600,"US",100,"US","M",126707.745893995
2022,"MI","FT","Data Engineer",170000,"USD",170000,"US",100,"US","M",112321.599400465
2022,"EN","FT","Data Engineer",40000,"GBP",49253,"GB",100,"GB","M",96881.1139022653
2022,"SE","FT","Data Analyst",170000,"USD",170000,"US",100,"US","M",126707.745893995
2022,"SE","FT","Data Science Manager",161342,"USD",161342,"US",100,"US","M",177483.128400533
2022,"SE","FT","Data Scientist",123000,"USD",123000,"US",100,"US","M",153153.875343298
2022,"SE","FT","Data Engineer",50000,"GBP",61566,"GB",0,"GB","M",151844.029846682
2022,"SE","FT","Data Architect",192400,"USD",192400,"CA",100,"CA","M",160579.550764664
2022,"SE","FT","Data Analyst",61300,"USD",61300,"CA",100,"CA","M",126707.745893995
2022,"SE","FT","Data Engineer",160000,"USD",160000,"US",0,"US","L",136151.558965546
2022,"MI","FT","Data Analyst",167000,"USD",167000,"US",100,"US","M",87185.3154477785
2022,"SE","FT","Data Analyst",112900,"USD",112900,"US",100,"US","M",126707.745893995
2022,"SE","FT","Data Engineer",165400,"USD",165400,"US",100,"US","M",151844.029846682
2022,"SE","FT","Data Engineer",243900,"USD",243900,"US",100,"US","M",151844.029846682
2022,"EX","FT","Analytics Engineer",175000,"USD",175000,"US",100,"US","M",181460.977116699
2022,"SE","FT","Data Engineer",54000,"USD",54000,"US",0,"US","M",151844.029846682
2022,"SE","FT","Analytics Engineer",205300,"USD",205300,"US",0,"US","M",156770.636086662
2022,"SE","FT","Data Engineer",130000,"USD",130000,"US",100,"US","M",151844.029846682
2022,"SE","FT","Data Architect",266400,"USD",266400,"US",100,"US","M",160579.550764664
2022,"MI","FT","Data Analyst",50000,"GBP",61566,"GB",0,"GB","M",87185.3154477785
2022,"MI","FT","Data Analyst",35000,"GBP",43096,"GB",0,"GB","M",87185.3154477785
2022,"SE","FT","Data Scientist",150000,"USD",150000,"US",100,"US","M",153153.875343298
2022,"SE","FT","Data Scientist",140000,"USD",140000,"US",100,"US","M",153153.875343298
2022,"SE","FT","Data Analyst",150075,"USD",150075,"US",100,"US","M",126707.745893995
2022,"SE","FT","Data Analyst",126500,"USD",126500,"US",100,"US","M",126707.745893995
2022,"SE","FT","Data Analyst",106260,"USD",106260,"US",100,"US","M",126707.745893995
2022,"SE","FT","Data Engineer",160080,"USD",160080,"US",100,"US","M",151844.029846682
2022,"SE","FT","Data Analyst",100000,"USD",100000,"US",100,"US","M",126707.745893995
2022,"SE","FT","Data Scientist",140000,"USD",140000,"US",100,"US","M",153153.875343298
2022,"SE","FT","Machine Learning Engineer",120000,"USD",120000,"AE",100,"AE","S",124829.185943158
2022,"SE","FT","Machine Learning Engineer",65000,"USD",65000,"AE",100,"AE","S",124829.185943158
2022,"EX","FT","Data Engineer",216000,"USD",216000,"US",100,"US","M",176534.370876719
2020,"SE","FT","Machine Learning Manager",157000,"CAD",117104,"CA",50,"CA","L",145239.686079242
2022,"EX","FT","Director of Data Science",250000,"CAD",192037,"CA",50,"CA","L",161541.732182922
2022,"MI","FT","Applied Machine Learning Scientist",75000,"USD",75000,"BO",100,"US","L",75671.2769334614
2022,"EN","FT","Data Engineer",65000,"USD",65000,"US",100,"US","S",53878.7285745679
2022,"SE","FT","Machine Learning Engineer",65000,"EUR",68293,"IE",100,"IE","S",124829.185943158
2022,"MI","FT","Data Scientist",88000,"CAD",67597,"CA",100,"CA","M",113631.444897081
2022,"MI","FT","Data Analyst",20000,"USD",20000,"GR",100,"GR","S",44182.9301200811
2022,"EN","FT","Data Scientist",66500,"CAD",51081,"CA",100,"CA","L",82498.4885177455
2022,"SE","FT","Data Scientist",100000,"USD",100000,"BR",100,"US","M",153153.875343298
2022,"SE","FT","Machine Learning Developer",100000,"CAD",76814,"CA",100,"CA","M",136193.531797994
2022,"EN","CT","Applied Machine Learning Scientist",29000,"EUR",30469,"TN",100,"CZ","M",52443.3851036151
2021,"MI","FT","Research Scientist",69999,"USD",69999,"CZ",50,"CZ","L",116565.006078264
2022,"EN","FT","Data Engineer",52800,"EUR",55475,"PK",100,"DE","M",96881.1139022653
2022,"MI","FT","Data Scientist",135000,"USD",135000,"US",100,"US","L",97938.9740159454
2022,"SE","FT","Data Analytics Lead",405000,"USD",135000,"US",100,"US","L",88169.479782539
2021,"SE","FT","Data Science Manager",240000,"USD",240000,"US",0,"US","L",161790.657519397
2021,"EN","FT","Data Scientist",80000,"USD",80000,"US",100,"US","M",98190.959398881
2021,"SE","FT","Principal Data Scientist",220000,"USD",220000,"US",0,"US","L",165364.183554002
2022,"SE","FT","Research Scientist",144000,"USD",144000,"US",50,"US","L",156087.43652448
2022,"SE","FT","Principal Data Scientist",148000,"EUR",155499,"DE",100,"DE","M",181056.654435137
2021,"SE","FT","Computer Vision Engineer",24000,"USD",24000,"BR",100,"BR","M",162767.963795183
2022,"EN","FT","Data Engineer",120000,"USD",120000,"US",100,"US","M",96881.1139022653
2021,"MI","FT","Research Scientist",53000,"EUR",62649,"FR",50,"FR","M",132257.476959399
2021,"MI","FT","Data Architect",170000,"USD",170000,"US",100,"US","L",105364.649437311
2020,"SE","FT","Data Scientist",60000,"EUR",68428,"GR",100,"US","L",137461.404462162
2021,"SE","FT","Data Science Engineer",159500,"CAD",127221,"CA",50,"CA","L",91971.0035605612
2021,"EN","FT","Data Scientist",13400,"USD",13400,"UA",100,"UA","L",82498.4885177455
2021,"SE","FT","Data Analyst",80000,"USD",80000,"BG",100,"US","S",83705.3605662978
2021,"SE","FT","Data Scientist",45000,"EUR",53192,"FR",50,"FR","L",137461.404462162
2020,"MI","FT","Machine Learning Infrastructure Engineer",44000,"EUR",50180,"PT",0,"PT","M",119287.768887055
2021,"SE","FT","Marketing Data Analyst",75000,"EUR",88654,"GR",100,"DK","L",157981.957223281
2021,"EN","FT","Data Scientist",2100000,"INR",28399,"IN",100,"IN","M",98190.959398881
2020,"EN","FT","Data Analyst",450000,"INR",6072,"IN",0,"IN","S",28742.4446218811
2021,"SE","FT","Principal Data Analyst",170000,"USD",170000,"US",100,"US","M",163762.407886957
2021,"MI","FT","Data Engineer",52500,"GBP",72212,"GB",50,"GB","L",96629.1285193297
2021,"SE","FT","Data Scientist",130000,"CAD",103691,"CA",100,"CA","L",137461.404462162
2021,"SE","FT","Data Analyst",200000,"USD",200000,"US",100,"US","L",111015.27501286
2020,"SE","FT","Big Data Engineer",85000,"GBP",109024,"GB",50,"GB","M",120464.584097283
2021,"EN","FT","Data Engineer",72500,"USD",72500,"US",100,"US","L",81188.6430211298
2021,"SE","FT","Data Scientist",180000,"TRY",20171,"TR",50,"TR","L",137461.404462162
2021,"EX","FT","Director of Data Science",120000,"EUR",141846,"DE",0,"DE","L",161541.732182922
2021,"EN","FT","Big Data Engineer",1200000,"INR",16228,"IN",100,"IN","L",49809.1972717306
2021,"EN","FT","BI Data Analyst",9272,"USD",9272,"KE",100,"KE","S",16135.2419965437
2021,"MI","FT","Big Data Engineer",1672000,"INR",22611,"IN",0,"IN","L",65249.6827699306
2021,"MI","FT","Data Scientist",52000,"EUR",61467,"DE",50,"AT","M",113631.444897081
2021,"MI","FT","Data Scientist",32000,"EUR",37825,"ES",100,"ES","L",97938.9740159454
2021,"MI","FT","Data Scientist",40900,"GBP",56256,"GB",50,"GB","L",97938.9740159454
2021,"MI","FT","Data Scientist",85000,"GBP",116914,"GB",50,"GB","L",97938.9740159454
2020,"SE","FT","Big Data Engineer",100000,"EUR",114047,"PL",100,"GB","S",77462.1987695853
2021,"MI","FT","Data Scientist",75000,"EUR",88654,"DE",50,"DE","L",97938.9740159454
2021,"MI","FT","Data Engineer",48000,"GBP",66022,"HK",50,"GB","S",69319.2140727678
2021,"MI","FT","Machine Learning Engineer",21000,"EUR",24823,"SI",50,"SI","L",112616.669943503
2021,"SE","FT","Machine Learning Engineer",200000,"USD",200000,"US",100,"US","L",152139.10038972
2021,"MI","FT","Data Scientist",160000,"USD",160000,"US",100,"US","L",97938.9740159454
2020,"MI","FT","Data Engineer",110000,"USD",110000,"US",100,"US","L",96629.1285193297
2020,"SE","FT","Data Scientist",120000,"USD",120000,"US",50,"US","L",137461.404462162
2021,"SE","FT","Data Engineer",65000,"EUR",76833,"RO",50,"GB","S",108841.644518985
2021,"MI","FT","Machine Learning Engineer",74000,"USD",74000,"JP",50,"JP","S",85306.7554969413
2020,"SE","FL","Computer Vision Engineer",60000,"USD",60000,"RU",100,"US","S",66570.4708499619
2021,"MI","FT","Data Scientist",39600,"EUR",46809,"ES",100,"ES","M",113631.444897081
2021,"EN","PT","AI Scientist",12000,"USD",12000,"BR",100,"US","S",22133.3567733821
2021,"MI","FT","Data Scientist",160000,"SGD",119059,"SG",100,"IL","M",113631.444897081
2020,"SE","FT","Data Scientist",412000,"USD",135000,"US",100,"US","L",137461.404462162
